Total Successful Actions,Total Def Actions,Retention %
40.610350941755044,11.50271005683439,67.89473684210526
11.649421946551088,4.971605466392493,6.241397365318161
