Total Successful Actions,Total Def Actions,Retention %
49.414080526072915,16.662781541738422,68.06530517395399
12.183042787145757,6.5473068697838945,6.119362798415939
