Total Def Actions,Progr Regain ,Pass Completion ,Def Aerial %
19.651994175918098,67.22706586826348,80.32666280417149,70.83333333333334
3.6175075482249004,4.886024030001069,4.072324803162611,14.104847696180126
