Total Successful Actions,Total Def Actions,Retention %
51.242560557814656,11.6331096196868,70.83863879076645
13.77313819036477,4.756391046266009,5.057823494099873
