Total Def Actions,Progr Regain ,Pass Completion ,Def Aerial %
15.516965822473566,69.50909090909092,85.335281124498,74.35064935064935
2.412571664264147,4.514539938876921,2.8714581227608615,11.03707134919747
