Total Def Actions,Progr Regain ,Pass Completion ,Def Aerial %
23.965780561506584,60.67053022215444,76.61330564811868,79.16666666666667
5.338035298104496,7.954911472301307,7.567138048274721,12.903690510660004
