Total Def Actions,Total Successful Actions,Progr Regain ,Retention %
26.02439267621365,66.20361801428058,66.6,74.26938392910564
7.892199338192541,11.53828158566828,8.204919256153591,5.188426242367148
