Total Def Actions,Total Successful Actions,Progr Regain ,Retention %
22.793053545586105,63.820549927641096,76.92,78.37837837837839
,,,
