Total Def Actions,Total Successful Actions,Progr Regain ,Retention %
18.446664420485174,52.74291497975708,68.67027227722772,73.79793746374057
4.929656487482851,11.313002483531381,7.171988344296702,5.320368834354391
