Total Def Actions,Progr Regain ,Pass Completion 
13.62601461038961,67.31972527472527,77.94554794520548
4.256113256417688,7.038469260265884,2.9455809584856554
