Total Def Actions,Progr Regain ,Pass Completion 
19.435215946843854,57.14285714285714,67.17
6.133349411782906,7.371607279423562,6.476989171456853
