Total Def Actions,Progr Regain ,Pass Completion 
13.98526037683376,62.675,77.90980969017193
3.8418882153137077,10.015601619807935,5.042349435917754
