Total Def Actions,Efforts on Goal
6.0126457956180355,2.716426109913272
1.8801220645596286,1.4819474279009535
