Total Def Actions,Efforts on Goal
6.366741953698476,2.683154135928426
1.6619171812598872,1.0511471902068348
