Total Def Actions,Efforts on Goal
8.754266211604095,3.7213504888984033
2.7977593847696114,1.9837075767365107
