Position Tag,Adjusted Rate
AM,121.99730094466938
CB,110.93895651499733
CF,102.80404208426029
CM,123.93133813357306
DM,111.9738638028383
FB,112.11912417617445
GK,96.52096527144214
Wing,111.57874797502724
