Position Tag,Adjusted Rate
AM,84.7750865051903
CB,98.2678088070245
CF,79.27570999886547
CM,95.82784390168241
DM,112.50965537730244
FB,94.79412113299597
GK,76.25557040998217
Wing,88.80297862306564
