Position Tag,Adjusted Rate
AM,149.29926785070865
CB,138.77655048954193
CF,110.39029974081963
CM,136.2247680081792
DM,133.12680921593187
FB,134.95087075575287
GK,109.08809665619712
Wing,125.07438780239765
