Position Tag,Adjusted Rate
AM,97.38539761401245
CB,97.74362903270436
CF,87.56615362461393
CM,95.71011406574631
DM,94.34311821035942
FB,102.1135471915224
GK,83.56725578473893
Wing,88.95369313793535
