Position Tag,Adjusted Rate
AM,60.55363321799309
CB,72.92731233907705
CF,66.33203968459162
CM,73.83742698195937
DM,86.64463260051495
FB,74.8697528775289
GK,61.90173796791444
Wing,67.25315381438352
