Position Tag,Adjusted Rate
AM,87.4493927125506
CB,88.3932397429236
CF,76.21520232743502
CM,85.41491079430575
DM,86.61860262806684
FB,87.02956695709747
GK,76.28119515335726
Wing,81.03380708018258
